StoneType,SKU,Source Color Name,Source SKU Variants,Review Notes
AcquaBella,QUSACBE,Acqua Bella,QUSACBE3CM,
Adelia,MASADEL,Adelia,MASADEL2CM,
AegeanGold,MASAEGO,Aegean Gold,MASAEGO2CM | MASAEGO2CM HONED,
AfricanRainbow,GRSAFRA,African Rainbow,GRSAFRA3CM,
AfyonWhiteSelect,MASAFWH,Afyon White Select,MASAFWH3CM,
AjaxBlue,MASAJBL,Ajax Blue,MASAJBL2CM HONED,
Alexandrita,QUSALEX,Alexandrita,QUSALEX2CM,
AlexandritaAzul,QUSALAZ,Alexandrita Azul,QUSALAZ3CM,
AlmaFantastico,MASALFA,Alma Fantastico,MASALFA2CM,
Amazonian,QUSAMAZ,Amazonian,QUSAMAZ3CM,
AndromedaWhite,GRSANWH,Andromeda White,GRSANWH3CM,
AntiqueBlack,GRSBLAN,Antique Black,GRSBLAN3CM PO-LE,
Apollo,QUSAPOL,Apollo,QUSAPOL3CM,
AquaGreen,MASAQGR,Aqua Green,MASAQGR2CM,
ArabescatoAltissimo,MASARAL,Arabescato Altissimo,MASARAL2CM,
ArabescatoArni,MASARAR,Arabescato Arni,MASARAR3CM,
ArabescatoCarrara,MASARCA,Arabescato Carrara,MASARCA2CM | MASARCA2CM HONED,
ArabescatoCorchia,MASARCO,Arabescato Corchia,MASARCO2CM | MASARCO2CM HONED | MASARCO3CM HONED | MASARCO3CM PO-HO,
ArabescatoCorchiaAntico,MASARCR,Arabescato Corchia Antico,MASARCR2CM,
ArabescatoDelicato,MASARDE,Arabescato Delicato,MASARDE2CM HONED,
ArabescatoFantastico,MASARFA,Arabescato Fantastico,MASARFA2CM | MASARFA2CM HONED | MASARFA3CM HONED,
ArabescatoOrobico,MASAROR,Arabescato Orobico,MASAROR2CM,
ArabescatoVagli,MASARVA,Arabescato Vagli,MASARVA2CM,
Arcoiris,ONSARIR,Arco iris,ONSARIR2CM,
ArcticaBlue,QUSARBL,Arctica Blue,QUSARBL2CM | QUSARBL3CM,
Aria,QUSARIA,Aria,QUSARIA3CM | QUSARIA3CM HONED | QUSARIA3CM LEATH,
AtlanticWhite,MASATWH,Atlantic White,MASATWH3CM,
AuroraJewel,QUSAUJE,Aurora Jewel,QUSAUJE3CM,
AzulAranNew,GRSAZAN,Azul Aran New,GRSAZAN3CM,
AzulAranOriginal,GRSAZAR,Azul Aran Original,GRSAZAR3CM | GRSAZAR3CM LEATH,
AzulBahia,GRSAZBA,Azul Bahia,GRSAZBA2CM,
AzulBoquira,QUSAZBO,Azul Boquira,QUSAZBO3CM,
AzulDoMar,QUSAZDO,Azul Do Mar,QUSAZDO2CM,
AzulEgeo,MASAZEG,Azul Egeo,MASAZEG2CM,
AzulNoche,GRSAZNO,Azul Noche,GRSAZNO3CM PO-LE,
AzulPlatino,GRSAZPL,Azul Platino,GRSAZPL3CM,
AzulRoyal,GRSAZRO,Azul Royal,GRSAZRO3CM PO-LE,
Azulado,QUSAZUL,Azulado,QUSAZUL3CM,
AzzuriteBlueFlower,GRSAZZU,Azzurite (Blue Flower),GRSAZZU3CM,
BalkanCrystal,QUSBACR,Balkan Crystal,QUSBACR3CM,
BeigeVanilla,MASBEVA,Beige Vanilla,MASBEVA2CM HONED,
Belvedere,GRSBELV,Belvedere,GRSBELV3CM | GRSBELV3CM HONED | GRSBELV3CM LEATH,
Betulare,GRSBETU,Betulare,GRSBETU3CM,
BiancoAntico,GRSBIAN,Bianco Antico,GRSBIAN3CM,
BiancoCarrara,MASCARR,Bianco Carrara,MASCARR2CM | MASCARR2CM PO-HO | MASCARR3CM,
BiancoCarraraExtra,MASCARX,Bianco Carrara Extra,MASCARX2CM | MASCARX2CM PO-HO | MASCARX3CM | MASCARX3CM AZERO | MASCARX3CM PO-HO,
BiancoGioiaExtra,MASBIGE,Bianco Gioia Extra,MASBIGE2CM | MASBIGE3CM,
BiancoGrigio,MASBIGR,Bianco Grigio,MASBIGR3CM,
BiancoIbiza,MASBIIB,Bianco Ibiza,MASBIIB2CM,
BiancoIceSelect,MASBIIC,Bianco Ice Select,MASBIIC2CM | MASBIIC3CM,
BiancoLasa,MASBILA,Bianco Lasa,MASBILA2CM | MASBILA2CM HONED,
BiancoLasaCovFantastico,MASBILF,Bianco Lasa Cov Fantastico,MASBILF3CM AZERO,
BiancoLasaFantastico,MASBILF,Bianco Lasa Fantastico,MASBILF2CM | MASBILF3CM AZERO,
BiancoLasaVenaOro,MASBILO,Bianco Lasa Vena Oro,MASBILO3CM,
BiancoPerlaD,MASBIPE,Bianco Perla D,MASBIPE2CM | MASBIPE3CM HONED,
BiancoRhino,MASBIRH,Bianco Rhino,MASBIRH3CM | MASBIRH3CM HONED | MASBIRH3CM HRDRO,
BiancoSilver,MASBISI,Bianco Silver,MASBISI3CM,
BiancoVerdeIce,MASBIVI,Bianco Verde Ice,MASBIVI2CM,
BlackAbsolute,GRSBLAB,Black Absolute,GRSBLAB3CM | GRSBLAB3CM HONED | GRSBLAB3CM PO-HO,
BlackAbsoluteZimbabwe,GRSBLAZ,Black Absolute Zimbabwe,GRSBLAZ2CM | GRSBLAZ2CM PO-HO | GRSBLAZ3CM | GRSBLAZ3CM LEATH | GRSBLAZ3CM PO-HO | GRSBLAZ3CM PO-LE,
BlackCaviar,MASBLCA,Black Caviar,MASBLCA2CM HONED | MASBLCA2CM LEATH,
BlackCosmic,GRSBLCO,Black Cosmic,GRSBLCO3CM | GRSBLCO3CM LEATH,
BlackDiamond,QUSBLDI,Black Diamond,QUSBLDI3CM,
BlackPearl,GRSBLAP,Black Pearl,GRSBLAP3CM | GRSBLAP3CM PO-LE,
BlackSoapstone,SOSBLAC,Black Soapstone,SOSBLAC3CM,
BlackTitan,GRSBLTI,Black Titan,GRSBLTI3CM,
BlackTravertineVeinCut,TRSBLAC,Black Travertine Vein Cut,TRSBLAC3CM,
BlackWavesWild,GRSBLWA,Black Waves Wild,GRSBLWA3CM,
BlancduBlanc,GRSBLDB,Blanc du Blanc,GRSBLDB3CM,
BlancoEstrella,GRSBLES,Blanco Estrella,GRSBLES3CM,
BlueCloud,GRSBCLO,Blue Cloud,GRSBCLO3CM,
BluediCaravaggio,QUSBLDC,Blue di Caravaggio,QUSBLDC2CM | QUSBLDC3CM,
BlueDunes,GRSBLDU,Blue Dunes,GRSBLDU3CM,
BlueLouise,QUSBLLO,Blue Louise,QUSBLLO3CM,
BlueOnyxVeinCut,ONSBLVC,Blue Onyx Vein Cut,ONSBLVC2CM,
BluePearlGT,GRSBLPE,Blue Pearl GT,GRSBLPE3CM | GRSBLPE3CM PO-LE,
BluePearlTVFLight,GRSBPTF,Blue Pearl TVF / Light,GRSBPTF3CM | GRSBPTF3CM LEATH,
BlueRainbow,GRSBLRA,Blue Rainbow,GRSBLRA2CM,
BlueRoma,QUSBLRO,Blue Roma,QUSBLRO3CM,
BlueShore,MASBLSH,Blue Shore,MASBLSH2CM,
BlueTellus,QUSBLTE,Blue Tellus,QUSBLTE3CM,
BlueValley,MASBLVA2CM_,Blue Valley,MASBLVA2CM_,
BlueVelluto,ONSBLVE,Blue Velluto,ONSBLVE2CM,
BottocinoSemiClassico,MASBOTT,Bottocino Semi-Classico,MASBOTT2CM,
BrecciaCapraia,MASBRCA,Breccia Capraia,MASBRCA2CM | MASBRCA2CM HONED,
BrechedeVendome,MASBRVE,Breche de Vendome,MASBRVE2CM,
BrilliantWhite,MASBRWH,Brilliant White,MASBRWH2CM | MASBRWH2CM HONED,
BrownAntique,GRSBRAN,Brown Antique,GRSBRAL3CM | GRSBRAN3CM,Alternate base SKU also found: GRSBRAL
BrownChocolate,GRSBRCL,Brown Chocolate,GRSBRCL3CM,
BrownPearl,GRSBRPE,Brown Pearl,GRSBRPE3CM | GRSBRPE3CM HONED,
CacedoniaWhite,MASCAWH,Cacedonia White,MASCAWH3CM,
CafeAmaro,MASCAAM,Cafe Amaro,MASCAAM2CM HONED,
CalacattaA,MASCALA,"Calacatta ""A""",MASCALA3CM | MASCALA3CM HONED,
CalacattaAnticoGold,MASCAAG,Calacatta Antico Gold,MASCAAG2CM,
CalacattaApuano,MASCAAP,Calacatta Apuano,MASCAAP3CM,
CalacattaBalena,MASCABA,Calacatta Balena,MASCABA3CM,
CalacattaBelgia,MASCABE,Calacatta Belgia,MASCABE3CM,
CalacattaBlack,MASCALB,Calacatta Black,MASCALB2CM | MASCALB2CM HONED,
CalacattaBluette,MASCABL,Calacatta Bluette,MASCABL3CM,
CalacattaBorghiniExtra,MASCABO,Calacatta Borghini Extra,MASCABO2CM | MASCABO2CM HONED,
CalacattaBrazil,MASCABR,Calacatta Brazil,MASCABR3CM,
CalacattaCaldia,MASCACA,Calacatta Caldia,MASCACA2CM | MASCACA2CM HONED | MASCACA3CM,
CalacattaCarrara,MASCCAR,Calacatta Carrara,MASCCAR3CM,
CalacattaCielo,MASCACI,Calacatta Cielo,MASCACI3CM HONED,
CalacattaCremo,MASCACR,Calacatta Cremo,MASCACR2CM,
CalacattaForest,MASCAFO,Calacatta Forest,MASCAFO2CM HONED,
CalacattaGiotto,MASCAGI,Calacatta Giotto,MASCAGI2CM | MASCAGI2CM HONED,
CalacattaGold,MASCAGO,Calacatta Gold,MASCAGO2CM,
CalacattaGoldSelect,MASCAGS,Calacatta Gold Select,MASCAGS2CM | MASCAGS2CM HONED | MASCAGS3CM | MASCAGS3CM HONED | MASCAGS3CM LEATH,
CalacattaLincoln,MASCALI,Calacatta Lincoln,MASCALI3CM,
CalacattaLuccicoso,MASCALU,Calacatta Luccicoso,MASCALU2CM HONED,
CalacattaMirage,MASCAMR,Calacatta Mirage,MASCAMR2CM,
CalacattaMonetClassic,MASCAMO,Calacatta Monet Classic,MASCAMO2CM,
CalacattaMonetExtra,MASCAME,Calacatta Monet Extra,MASCAME2CM | MASCAME2CM HONED,
CalacattaNamibia,MASCANA,Calacatta Namibia,MASCANA2CM HONED | MASCANA3CM HONED,
CalacattaNuvolato,MASCANU,Calacatta Nuvolato,MASCANU2CM HONED,
CalacattaOndulato,MASCAON,Calacatta Ondulato,MASCAON3CM,
CalacattaOro,QUSCAOR,Calacatta Oro,QUSCAOR3CM,
CalacattaQuartzite,QUSCAQU,Calacatta Quartzite,QUSCAQU3CM,
CalacattaRenoa,MASCARN,Calacatta Renoa,MASCARN2CM | MASCARN3CM,
CalacattaRose,MASCARO,Calacatta Rose,MASCARO2CM,
CalacattaTurquoise,MASCATU,Calacatta Turquoise,MASCATU2CM,
CalacattaVagli,MASCAVA,Calacatta Vagli,MASCAVA2CM | MASCAVA2CM HONED,
CalacattaVagliOro,MASCAVO,Calacatta Vagli Oro,MASCAVO2CM | MASCAVO2CM HONED,
CalacattaVagliRosato,MASCAVR,Calacatta Vagli Rosato,MASCAVR2CM,
CalacattaVerde,MASCVER,Calacatta Verde,MASCVER2CM HONED,
CalacattaViola,MASCAVI,Calacatta Viola,MASCAVI3CM,
CalacattaViolaClassic,MASCAVC,Calacatta Viola Classic,MASCAVC2CM | MASCAVC2CM HONED,
CalacattaViolaExtra,MASCVEX,Calacatta Viola Extra,MASCVEX2CM | MASCVEX2CM HONED | MASCVEX3CM HONED,
CalacattaViolaGold,MASCAVG,Calacatta Viola Gold,MASCAVG2CM HONED,
CalacattaViolaGoldExtra,MASCAVE,Calacatta Viola Gold Extra,MASCAVE2CM,
CalacattaVioletta,MASCAVL,Calacatta Violetta,MASCAVL2CM,
CalciteAzulExtra,MASCAAZ,Calcite Azul Extra,MASCAAZ3CM | MASCAAZ3CM AZERO | MASCAAZ3CM HRDRO,
CalciteCaraibica,MASCACE,Calcite Caraibica,MASCACE3CM,
Caramel,ONSCARA,Caramel,ONSCARA2CM,
CarbonBlackSoapstone,SOSCARB,Carbon Black Soapstone,SOSCARB3CM,
CarbonGrey,GRSCAGR,Carbon Grey,GRSCAGR3CM DPTEC | GRSCAGR3CM HONED,
CarniaGrey,QUSCAGR,Carnia Grey,QUSCAGR3CM HONED,
CarraraImperial,MASCAIM,Carrara Imperial,MASCAIM3CM,
CarraraVenatinoGioiaAlta,MASCVGA,Carrara Venatino Gioia Alta,MASCVGA3CM | MASCVGA3CM PO-HO,
CeppoRosso,MASCERO,Ceppo Rosso,MASCERO2CM | MASCERO2CM IPOGE | MASCERO2CM IPOGE_,
CeppoWhite,LISCEWH,Ceppo White,LISCEWH2CM,
ChanelOnyx,ONSCHON,Chanel Onyx,ONSCHON2CM,
Chantilly,QUSCHAN,Chantilly,QUSCHAN3CM,
CharcoalMist,GRSCHMI,Charcoal Mist,GRSCHMI3CM HONED,
Chardonnay,QUSCHAR,Chardonnay,QUSCHAR2CM HONED,
CherryBlossom,MASCHBL,Cherry Blossom,MASCHBL2CM,
ChocolateTravertineVeinCut,TRSCHOC,ChocolateTravertine Vein Cut,TRSCHOC2CM HONED,
CipollinoBlack,MASCIBL,Cipollino Black,MASCIBL3CM,
CipollinoOndulato,MASCION,Cipollino Ondulato,MASCION2CM | MASCION3CM,
CipollinoVerde,MASCIVE,Cipollino Verde,MASCIVE2CM,
CippolinoMacchiaVecchia,MASCIMV,Cippolino Macchia Vecchia,MASCIMV2CM,
CoastalWhite,QUSCOWH,Coastal White,QUSCOWH3CM,
ColonialWhite,GRSCOWH,Colonial White,GRSCOWH3CM,
Copacabana,GRSCOPA,Copacabana,GRSCOPA3CM,
Copenhagen,GRSCOPE,Copenhagen,GRSCOPE3CM,
CopperGrey,MASCOGR,Copper Grey,MASCOGR2CM,
CorchiaExtra,MASCORC,Corchia Extra,MASCORC2CM,
Corteccia,QUSCORT,Corteccia,QUSCORT3CM AZERO | QUSCORT3CM LEATH,
CostaSmeralda,GRSCOSM,Costa Smeralda,GRSCOSM3CM | GRSCOSM3CM LEATH,
CreamGold,GRSCRGO,Cream Gold,GRSCRGO3CM,
CremaCaramel,GRSCRCA,Crema Caramel,GRSCRCA3CM,
CremaDulce,GRSCRDU,Crema Dulce,GRSCRDU3CM,
CremaLuna,LISCRLU,Crema Luna,LISCRLU3CM,
CremaMarfil,MASCRMA,Crema Marfil,MASCRMA2CM,
CremoDelicatoExtra,MASCRDE,Cremo Delicato Extra,MASCRDE2CM | MASCRDE3CM,
CristallisChampagne,QUSCRCH,Cristallis Champagne,QUSCRCH2CM | QUSCRCH3CM,
Cristallo,QUSCRIS,Cristallo,QUSCRIS2CM | QUSCRIS3CM,
CristalloBluLumix,QUSCRBL,Cristallo BluLumix,QUSCRBL2CM,
CristalloIce,QUSCRIC,Cristallo Ice,QUSCRIC2CM,
CristalloPatagonia,QUSCRPA,Cristallo Patagonia,QUSCRPA2CM,
CristalloPicasso,QUSCRPI,Cristallo Picasso,QUSCRPI3CM,
CristalloRoots,QUSCRRO,Cristallo Roots,QUSCRRO2CM | QUSCRRO3CM,
CristalloRosaWow,QUSCRRW,Cristallo Rosa Wow,QUSCRRW2CM,
CristalloThunder,QUSCRTH,Cristallo Thunder,QUSCRTH2CM | QUSCRTH3CM,
DamascoWhite,QUSDAWH,Damasco White,QUSDAWH3CM,
DelicatusExtra,GRSDELI,Delicatus Extra,GRSDELI3CM,
DesertPink,MASDEPI,Desert Pink,MASDEPI2CM,
DiamondPearl,QUSDIPE,Diamond Pearl,QUSDIPE3CM,
DolceVitaLight,QUSDOVI,Dolce Vita Light,QUSDOVI3CM,
DolomiteVenata,MASDOVE,Dolomite Venata,MASDOVE2CM,
DolomiteWave,MASDOWA,Dolomite Wave,MASDOWA2CM,
DoverWhite,MASDOWH,Dover White,MASDOWH2CM AZERO | MASDOWH3CM | MASDOWH3CM AZERO,
DragonScale,MASDRSC,Dragon Scale,MASDRSC2CM,
Dumont,QUSDUMO,Dumont,QUSDUMO3CM,
EarthBlue,MASEABL,Earth Blue,MASEABL2CM,
EasternWhite,MASEAWH,Eastern White,MASEAWH2CM | MASEAWH3CM | MASEAWH3CM_HONED,
ElectricWave,QUSELWA,Electric Wave,QUSELWA3CM,
EmeraldGreen,QUSEMGR,Emerald Green,QUSEMGR2CM | QUSEMGR3CM,
Everest,QUSEVER,Everest,QUSEVER3CM,
ExplosionBlue,QUSEXBL,Explosion Blue,QUSEXBL3CM | QUSEXBL3CM LEATH,
ExplosionCrystal,QUSEXCR,Explosion Crystal,QUSEXCR3CM,
FantasticBlue,QUSFABL,Fantastic Blue,QUSFABL3CM HONED,
FantasticWhite,GRSFAWH,Fantastic White,GRSFAWH3CM | GRSFAWH3CM LEATH,
FantasticoArni,MASFAAR,Fantastico Arni,MASFAAR2CM,
FantasticoArniMonet,MASFAAR,Fantastico Arni Monet,MASFAAR2CM HONED,
FantasticoCrossCut,ONSFANC,Fantastico Cross Cut,ONSFANC2CM,
FantasticoVeinCur,ONSFAVC,Fantastico Vein Cur,ONSFAVC2CM,
FantasyBrown,MASFABR,Fantasy Brown,MASFABR3CM LEATH | MASFABR3CM POL,
FiorDiBosco,MASFIDB,Fior Di Bosco,MASFIDB2CM,
FiordiPescoCarnico,MASFIDP,Fior di Pesco Carnico,MASFIDP2CM HONED | MASFIDP2CM IPOGE | MASFIDP2CM IPOGE_,
FiordiPescoFourSeasons,MASFIDF,Fior di Pesco Four Seasons,MASFIDF2CM IPOGE | MASFIDF2CM LEATH | MASFIDF2CM IPOGE_,
FourSeasons,QUSFOSE,Four Seasons,QUSFOSE2CM,
FrenchVanilla,MASFRVA,French Vanilla,MASFRVA2CM HONED,
FusionWowGreen,QUSFUWG,Fusion Wow Green,QUSFUWG3CM | QUSFUWG3CM LEATH,
FusionWowMulticolor,QUSFUWM,Fusion Wow Multicolor,QUSFUWM3CM,
FusionWowOriginal,QUSFUWO,Fusion Wow Original,QUSFUWO3CM,
GialloOrnamentale,GRSGIOR,Giallo Ornamentale,GRSGIOR3CM,
GialloPersianoTravertineVeinCut,TRSGIPE,Giallo Persiano Travertine Vein Cut,TRSGIPE2CM,
GialloReale,MASGIRE,Giallo Reale,MASGIRE3CM,
Gohare,LISGOHA,Gohare,LISGOHA2CM HONED,
GoldDune,MASGODU,Gold Dune,MASGODU2CM HONED,
GoldTravertineCrossCut,TRSGOPO,Gold Travertine Cross Cut,TRSGOPO2CM,
GoldenBeach,GRSGOBE,Golden Beach,GRSGOBE3CM | GRSGOBE3CM LEATH,
GoldenTyphoonTyphoonBordeaux,GRSGOTY,Golden Typhoon/Typhoon Bordeaux,GRSGOTY3CM,
GranPerla,GRSGRPR,Gran Perla,GRSGRPR3CM PO-LE,
GraySoapstone,SOSGRAY,Gray Soapstone,SOSGRAY3CM HONED,
GreenSoapstoneEmerald,SOSGRSE,Green Soapstone Emerald,SOSGRSE3CM | SOSGRSE3CM HONED,
GreyOnyxCrossCut,ONSGRCC,Grey Onyx Cross Cut,ONSGRCC2CM,
GreyOnyxVeinCut,ONSGRVC,Grey Onyx Vein Cut,ONSGRVC2CM,
GrigioCarnico,MASGRCA,Grigio Carnico,MASGRCA3CM,
GrigioCollemandina,MASGRCO,Grigio Collemandina,MASGRCO2CM HONED,
HautevilleGold,LISHAGO,Hauteville Gold,LISHAGO3CM,
Hermes,MASHERM,Hermes,MASHERM2CM,
HimalayanOnyx,ONSHIMA,Himalayan Onyx,ONSHIMA2CM,
Honey,ONSHONE,Honey,ONSHONE2CM,
IjenBlue,QUSIJBL,Ijen Blue,QUSIJBL3CM,
InvisibleBlue,MASINBL,Invisible Blue,MASINBL2CM,
InvisibleGrey,MASINGR,Invisible Grey,MASINGR3CM | MASINGR3CM HONED | MASINGR3CM LEATH,
Ivory,LISIVOR,Ivory,LISIVOR2CM HONED,
IvoryFantasy,GRSIVFL,Ivory Fantasy,GRSIVFL3CM,
IvoryOnyx,ONSIVOR,Ivory Onyx,ONSIVOR2CM,
Jadore,QUSJADO,Jadore,QUSJADO2CM HONED | QUSJADO3CM,
Jasper,ONSJASP,Jasper,ONSJASP2CM,
JerusalemGold,LISJEGO,Jerusalem Gold,LISJEGO2CM | LISJEGO3CM,
JetMist,GRSJEMI,Jet Mist,GRSJEMI3CM | GRSJEMI3CM HONED | GRSJEMI3CM PO-HO,
KokadaBlue,MASKOBL,Kokada Blue,MASKOBL3CM,
KosmusAsterix,GRSKOSM,Kosmus/Asterix,GRSKOSM3CM | GRSKOSM3CM LEATH,
LabradoriteBianco,GRSLABI,Labradorite Bianco,GRSLABI3CM,
LabradoriteBlue,GRSLABR,Labradorite Blue,GRSLABR2CM | GRSLABR3CM,
LaisGrey,MASLAGR,Lais Grey,MASLAGR2CM HONED,
Lennon,GRSLENN,Lennon,GRSLENN3CM,
LightGreen,ONSLIGR,Light Green,ONSLIGR2CM,
LilacClassic,MASLILA,Lilac Classic,MASLILA2CM,
Loloaa,MASLOLO,Loloaa,MASLOLO2CM,
LondonSmoke,GRSLOSM,London Smoke,GRSLOSM3CM,
LotusWhite,MASLOWH,Lotus White,MASLOWH2CM,
LuckyWhite,GRSLUWH,Lucky White,GRSLUWH3CM LEATH,
LunaPearlBiancoSardo,GRSLUPE,Luna Pearl/Bianco Sardo,GRSLUPE3CM,
MacaubasFantasy,QUSMAFA,Macaubas Fantasy,QUSMAFA3CM,
MacchiaVecchia,MASMAVE,Macchia Vecchia,MASMAVE2CM IPOGE_ | MASMAVE2CM | MASMAVE2CM HONED | MASMAVE2CM IPOGE,
MadagascarExotic,MASMAEX,Madagascar Exotic,MASMAEX3CM,
Madreperola,QUSMADR,Madreperola,QUSMADR3CM,
MagmaBlue,QUSMABL,Magma Blue,QUSMABL3CM,
MagmaGold,GRSMAGM,Magma Gold,GRSMAGM3CM,
MagneticSilver,MASMASI,Magnetic Silver,MASMASI2CM,
Matarazzo,QUSMATA,Matarazzo,QUSMATA2CM | QUSMATA3CM | QUSMATA3CM HONED,
MatarazzoExtra,QUSMATE,Matarazzo Extra,QUSMATE2CM,
Mediceo,ONSMEDI,Mediceo,ONSMEDI2CM,
Melograno,MASMELO,Melograno,MASMELO2CM,
Michelangelo,QUSMICH,Michelangelo,QUSMICH2CM | QUSMICH3CM,
MistyBlack,GRSMIBL,Misty Black,GRSMIBL3CM HONED,
MokaCream,LISMOCR,Moka Cream,LISMOCR2CM HONED,
MonetFusion,QUSMOFU,Monet Fusion,QUSMOFU2CM,
MontBlanc,MASMOBL,Mont Blanc,MASMOBL3CM,
MontclairDanby,MASDAMO,Montclair Danby,MASDAMO3CM HONED,
Multicolor,ONSMULT,Multicolor,ONSMULT2CM,
Naica,QUSNAIC,Naica,QUSNAIC3CM HONED | QUSNAIC3CM LEATH,
Negresco,QUSNEGR,Negresco,QUSNEGR3CM | QUSNEGR3CM LEATH,
NeroMarquina,MASNEMA,Nero Marquina,MASNEMA2CM | MASNEMA2CM HONED,
NeroMist,GRSMIBL,Nero Mist,GRSMIBL3CM HONED,
NeroVintage,MASNEVI,Nero Vintage,MASNEVI2CM,
NewImperialDanby,MASNEID,New Imperial Danby,MASNEID3CM AZERO,
NiloRiver,GRSNIRI,Nilo River,GRSNIRI3CM,
NuvolatoExtra,ONSNUVO,Nuvolato Extra,ONSNUVO2CM,
NuvolatoImperiale,MASNUIM,Nuvolato Imperiale,MASNUIM2CM,
NuvolatoLightCrossCutTravertine,TRSNULT,Nuvolato Light Cross Cut Travertine,TRSNULT3CM,
OceanBlue,TRSOCBL,Ocean Blue,TRSOCBL3CM,
OceanRed,GRSOCRE,Ocean Red,GRSOCRE3CM,
OlympianPearlDanby,MASDAOP,Olympian Pearl Danby,MASDAOP3CM HONED,
OlympianWhiteSelectDanby,MASDAOW,Olympian White Select Danby,MASDAOW3CM HONED,
OmbradiCaravaggio,MASOMDC,Ombra di Caravaggio,MASOMDC2CM IPOGE_ | MASOMDC2CM | MASOMDC2CM IPOGE,
OndaBianco,MASONBI,Onda Bianco,MASONBI2CM HONED,
OndaViola,MASONVI,Onda Viola,MASONVI2CM,
OniceRosa,ONSONRO,Onice Rosa,ONSONRO2CM,
OniceVanGogh,ONSVAGO,Onice Van Gogh,ONSVAGO2CM,
OpalIceSelect,MASOPIC,Opal Ice Select,MASOPIC3CM | MASOPIC3CM HONED,
OpulentWhite,MASOPWH,Opulent White,MASOPWH2CM,
OrnamentaleWhite,GRSORWH,Ornamentale White,GRSORWH3CM,
OroAntico,LISORAN,Oro Antico,LISORAN2CM,
OysterBlue,MASOYBL,Oyster Blue,MASOYBL3CM,
OysterWhite,MASOYWH,Oyster White,MASOYWH2CM | MASOYWH2CM HONED | MASOYWH3CM,
PalissandroBluette,MASPABL,Palissandro Bluette,MASPABL2CM,
PalissandroClassico,MASPACL,Palissandro Classico,MASPACL2CM,
PalladiumSmeraldo,GRSPASM,Palladium Smeraldo,GRSPASM3CM,
PandaWhite,MASPAWH,Panda White,MASPAWH2CM,
Paonazzo,MASPAON,Paonazzo,MASPAON2CM,
PatagoniaBlue,GRSPABL,Patagonia Blue,GRSPABL3CM,
PatagoniaFume,QUSPAFU,Patagonia Fume,QUSPAFU2CM,
PatagoniaGlace,QUSPAGL,Patagonia Glace,QUSPAGL2CM,
PatagoniaLux,QUSPALU,Patagonia Lux,QUSPALU2CM,
PatagoniaOriginalClassic,GRSPATA,Patagonia Original Classic,GRSPATA3CM,
PeachEstremoz,MASPEES,Peach Estremoz,MASPEES2CM,
PentelicusVenato,MASPEVE,Pentelicus Venato,MASPEVE3CM AZERO,
PerlaVenata,QUSPERL,Perla Venata,QUSPERL3CM | QUSPERL3CM HONED,
PersaAvorio,GRSPEAV,Persa Avorio,GRSPEAV3CM,
PetitGranite,LISPEGR,Petit Granite,LISPEGR3CM HONED,
PietradelCardoso,LISPICA,Pietra del Cardoso,LISPICA3CM HONED,
PietraDiEfroud,MASPIDI,Pietra Di Efroud,MASPIDI2CM,
PietraGrey,MASPIGR,Pietra Grey,MASPIGR2CM,
PlatinumBlackCrossCutTravertine,TRSPLBL,Platinum Black Cross Cut Travertine,TRSPLBL2CM HONED,
Plume,MASPLUM,Plume,MASPLUM2CM,
PortLaurent,MASPOLA,Port Laurent,MASPOLA2CM IPOGE_ | MASPOLA2CM | MASPOLA2CM IPOGE,
Portoro,QUSPORT,Portoro,QUSPORT3CM,
PrincessWhite,QUSPRWH,Princess White,QUSPRWH3CM,
Python,QUSPYTH,Python,QUSPYTH3CM,
QuartzitePalissandro,QUSQUPA,Quartzite Palissandro,QUSQUPA2CM AZERO,
QuartziteVerdevivo,QUSQUVE,Quartzite Verdevivo,QUSQUVE3CM,
RainForestBrown,MASRAFO,Rain Forest Brown,MASRAFO2CM,
Red,ONSRED,Red,ONSRED 2CM,
RiverBlue,MASRIBL,River Blue,MASRIBL3CM,
RiverWhite,GRSRIWH,River White,GRSRIWH3CM,
RojoTravertineVeinCut,TRSROJO,Rojo Travertine Vein Cut,TRSROJO2CM,
RosaBeta,GRSROBE,Rosa Beta,GRSROBE3CM,
RosaPerlino,MASROPE,Rosa Perlino,MASROPE2CM HONED,
RossoCaucaso,MASROCA,Rosso Caucaso,MASROCA2CM,
RossoLevanto,MASROLE,Rosso Levanto,MASROLE2CM | MASROLE2CM HONED,
RossoOrientale,ONSROOR,Rosso Orientale,ONSROOR2CM,
SaharaBronze,MASSABR,Sahara Bronze,MASSABR2CM IPOGE_ | MASSABR2CM IPOGE | MASSABR2CM LEATH,
SaharaNoir,MASSANO,Sahara Noir,MASSANO2CM | MASSANO2CM HONED,
SalinasWhite,GRSSAWH,Salinas White,GRSSAWH3CM,
SantaCeciliaLight,GRSSTCE,Santa Cecilia Light,GRSSTCE3CM,
SantaSiciliaSelect,GRSSASI,Santa Sicilia Select,GRSSASI3CM,
Sapphirico,GRSSAPP,Sapphirico,GRSSAPP3CM,
Saturnia,TRSSATU,Saturnia,TRSSATU2CM,
SeaPearl,MASSEPE,Sea Pearl,MASSEPE3CM HONED,
Sequoia,MASSEQU,Sequoia,MASSEQU2CM,
ShadowVeinCut,ONSSHVC,Shadow Vein Cut,ONSSHVC2CM,
SiennaBrown,MASSIBR,Sienna Brown,MASSIBR2CM,
SilverBrownWave,MASSIBW,Silver Brown Wave,MASSIBW2CM LEATH | MASSIBW3CM | MASSIBW3CM LEATH,
SilverIce,MASSIIC,Silver Ice,MASSIIC2CM,
SilverRoots,MASSIRO,Silver Roots,MASSIRO2CM,
SilverStream,MASSIST,Silver Stream,MASSIST2CM,
SilverTravertineLight,TRSSILI,Silver Travertine Light,TRSSILI2CM HONED,
SilverTravertineVeinCut,TRSSILV,Silver Travertine Vein Cut,TRSSILV2CM,
SkyFusion,MASSKFU,Sky Fusion,MASSKFU2CM,
SmokeyCloud,QUSSMCL,Smokey Cloud,QUSSMCL3CM,
SodaliteBlueNew,GRSSOBN,Sodalite Blue New,GRSSOBN2CM,
SpiderCrystal,QUSSPCR,Spider Crystal,QUSSPCR3CM,
StMoritz,QUSSTMO,St. Moritz,QUSSTMO3CM,
Statuarietto,MASSTET,Statuarietto,MASSTET2CM | MASSTET3CM,
StatuariettoVagli,MASSTVA,Statuarietto Vagli,MASSTVA3CM,
Statuary,MASSTAT,Statuary,MASSTAT2CM | MASSTAT3CM,
SteelGrey,GRSSTGR,Steel Grey,GRSSTGR3CM PO-LE,
SunWhite,MASSUNW,Sun White,MASSUNW3CM,
SuperGrey,MASSUGR,Super Grey,MASSUGR3CM LEATH,
SuperWhite,MASSUWH,Super White,MASSUWH3CM | MASSUWH3CM LEATH,
Tahiti,QUSTAHI,Tahiti,QUSTAHI3CM,
TajMahalA,QUSTAJA,"Taj Mahal ""A""",QUSTAJA3CM LEATH,
TajMahalExtra,QUSTAMA,Taj Mahal Extra,QUSTAMA2CM | QUSTAMA2CM HONED | QUSTAMA3CM | QUSTAMA3CM HONED | QUSTAMA3CM LEATH,
TaupeWhite,GRSTAWH,Taupe White,GRSTAWH3CM | GRSTAWH3CM LEATH,
TeaRose,MASTERO,Tea Rose,MASTERO2CM,
TempestBlue,QUSTEBL,Tempest Blue,QUSTEBL3CM,
Thassos,MASTHAS,Thassos,MASTHAS2CM | MASTHAS3CM,
Titanium,GRSTITA,Titanium,GRSTITA3CM,
Trambiserra,MASTRAM,Trambiserra,MASTRAM2CM HONED,
TravertinoAlabastrino,TRSALAB,Travertino Alabastrino,TRSALAB2CM HONED,
TravertinoBiancoVeinCut,TRSBIAN,Travertino Bianco Vein Cut,TRSBIAN2CM HONED,
TravertinoNavonaVeinCut,TRSNAVC,Travertino Navona Vein Cut,TRSNAVC2CM,
TravertinoRomano,TRSTRRO,Travertino Romano,TRSTRRO2CM HONED,
TravertinoRomanoVeinCut,TRSROCL,Travertino Romano Vein Cut,TRSROCL2CM HONED | TRSROCL3CM HONED,
TyphoonVerde,GRSTYVE,Typhoon Verde,GRSTYVE3CM | GRSTYVE3CM LEATH,
UbatubaButterfly,GRSUBBU,Ubatuba Butterfly,GRSUBBU3CM,
VangoGold,MASVAGO,Vango Gold,MASVAGO2CM,
VenetianGold,GRSVEGO,Venetian Gold,GRSVEGO3CM | GRSVEGO3CM PO-LE,
VerdeAlpi,MASVEAL,Verde Alpi,MASVEAL2CM,
VerdeAnticodOriente,MASVEAO,Verde Antico d'Oriente,MASVEAO2CM,
VerdeBambooCrossCut,GRSVEBA,Verde Bamboo Cross Cut,GRSVEBA3CM,
VerdeBorgogna,GRSVEBO,Verde Borgogna,GRSVEBO3CM,
VerdeDiaspro,MASVEDI,Verde Diaspro,MASVEDI2CM,
VerdeLapponia,GRSVLAP,Verde Lapponia,GRSVLAP2CM,
VerdeMarina,GRSVMAR,Verde Marina,GRSVMAR3CM,
VerdePersiano,ONSVEPE,Verde Persiano,ONSVEPE2CM,
VerdeUbatuba,GRSVEUB,Verde Ubatuba,GRSVEUB3CM,
VernizTropical,GRSVERN,Verniz Tropical,GRSVERN3CM LEATH,
VertdEstours,MASVEDE,Vert d'Estours,MASVEDE2CM HONED,
ViaLattea,GRSVILA,Via Lattea,GRSVILA3CM | GRSVILA3CM LEATH,
Vintage,GRSVINT,Vintage,GRSVINT3CM,
White,ONSWHIT,White,ONSWHIT2CM,
WhiteCamouflage,MASWHCA,White Camouflage,MASWHCA3CM | MASWHCA3CM HONED,
WhiteIce,GRSWHIC,White Ice,GRSWHIC3CM,
WhiteMagic,MASWHMA,White Magic,MASWHMA3CM,
WhitePeak,MASWHPE,White Peak,MASWHPE3CM,
WhiteSands,GRSWHSA,White Sands,GRSWHSA3CM | GRSWHSA3CM LEATH | GRSWHSA3CM PO-LE,
WhiteSpring,GRSWHSP,White Spring,GRSWHSP3CM,
WhiteStar,GRSWHST,White Star,GRSWHST3CM,
WhiteStorm,MASWHST,White Storm,MASWHST3CM | MASWHST3CM LEATH,
WhiteTajMahal,QUSWHTM,White Taj Mahal,QUSWHTM2CM | QUSWHTM3CM,
WhiteTempest,QUSWHTE,White Tempest,QUSWHTE3CM,
Wine,ONSWION,Wine,ONSWION2CM,
WoodenOnyxCrossCut,ONSWOOD,Wooden Onyx Cross Cut,ONSWOOD2CM,
WoodenWhite,MASWOWH,Wooden White,MASWOWH2CM | MASWOWH2CM HONED,
Zeus,QUSZEUS,Zeus,QUSZEUS3CM,
